Diego Barros,32,diegobarros@yahoo.com,Franca
Jéssica Melo,29,jéssicamelo@live.com,Carapicuíba
Bianca Peixoto,47,biancapeixoto@ymail.com,Guarulhos
Luíza Nascimento,39,luízanascimento@protonmail.com,Franco da Rocha
Adriana Freitas,19,adrianafreitas@inbox.com,Suzano
Marcelo Machado,58,marcelomachado@protonmail.com,Osasco
André Guerra,45,andréguerra@live.com,São Caetano do Sul
Tiago Batista,35,tiagobatista@yahoo.com,Araraquara
Natália Melo,23,natáliamelo@protonmail.com,Limeira
Patrícia Machado,25,patríciamachado@ymail.com,Embu das Artes
André Marques,59,andrémarques@outlook.com,São Carlos
Igor Cardoso,44,igorcardoso@ymail.com,Taboão da Serra
Miguel Duarte,46,miguelduarte@live.com,Indaiatuba
Joaquim Dias,23,joaquimdias@yahoo.com,Osasco
Vinícius Marques,44,viníciusmarques@protonmail.com,Araraquara
Eduardo Barbosa,44,eduardobarbosa@yahoo.com,Barueri
Raquel Oliveira,22,raqueloliveira@hotmail.com,Itapecerica da Serra
Tiago Guerra,50,tiagoguerra@gmail.com,São José dos Campos
Giovana Ferreira,40,giovanaferreira@protonmail.com,São José do Rio Preto
Diego Barroso,34,diegobarroso@fastmail.com,Ribeirão Pires
Manuela Gomes,54,manuelagomes@outlook.com,Sorocaba
Manuela Moreira,26,manuelamoreira@hotmail.com,Mauá
Camila Pereira,44,camilapereira@protonmail.com,São Carlos
Amanda Pereira,26,amandapereira@mail.com,Araraquara
Júlia Batista,55,júliabatista@fatec.sp.gov.br,Limeira
Gustavo Gonçalves,57,gustavogonçalves@mail.com,Indaiatuba
Elaine Peixoto,42,elainepeixoto@outlook.com,São José do Rio Preto
Rafaela Gomes,38,rafaelagomes@icloud.com,Carapicuíba
Anderson Barroso,24,andersonbarroso@protonmail.com,Suzano
Caio Moreira,23,caiomoreira@ymail.com,Ribeirão Pires
Matheus Dias,20,matheusdias@yahoo.com,Osasco
Luíza Castro,31,luízacastro@inbox.com,Campinas
Joaquim Cavalcanti,47,joaquimcavalcanti@yahoo.com,São Bernardo do Campo
Lucas Costa,35,lucascosta@ymail.com,São Caetano do Sul
Beatriz Almeida,55,beatrizalmeida@fatec.sp.gov.br,Itapecerica da Serra
Fernanda Costela,29,fernandacostela@outlook.com,São Paulo
Nicolas Gonçalves,31,nicolasgonçalves@protonmail.com,São Paulo
Gabriel Andrade,34,gabrielandrade@outlook.com,Hortolândia
André Fonseca,25,andréfonseca@live.com,Hortolândia
Amanda Henriques,55,amandahenriques@gmail.com,Rio Claro
André Ferreira,22,andréferreira@inbox.com,Osasco
Caio Dias,47,caiodias@ymail.com,São Paulo
Luíza Marques,48,luízamarques@yahoo.com,Bauru
Bianca Marques,19,biancamarques@fastmail.com,Rio Claro
Bernardo Freitas,36,bernardofreitas@icloud.com,São Bernardo do Campo
Caio Henriques,54,caiohenriques@fastmail.com,Jundiaí
Amanda Barbosa,24,amandabarbosa@gmail.com,Diadema
Laura Lopes,25,lauralopes@gmail.com,Embu das Artes
Vitória Azevedo,18,vitóriaazevedo@protonmail.com,São Carlos
Patrícia Mendes,53,patríciamendes@outlook.com,Embu das Artes
Jéssica Machado,42,jéssicamachado@fastmail.com,Sumaré
Joaquim Lima,28,joaquimlima@outlook.com,Limeira
Giovana Miranda,24,giovanamiranda@protonmail.com,Campinas
André Almeida,26,andréalmeida@hotmail.com,Jandira
Carolina Guerra,35,carolinaguerra@fastmail.com,Presidente Prudente
Matheus Figueiredo,52,matheusfigueiredo@live.com,Campinas
André Freitas,39,andréfreitas@outlook.com,Campinas
Gabriel Rocha,22,gabrielrocha@gmail.com,Itapecerica da Serra
Nicolas Duarte,22,nicolasduarte@protonmail.com,Ribeirão Pires
Rodrigo Pimentel,59,rodrigopimentel@fatec.sp.gov.br,São José dos Campos
Beatriz Cunha,49,beatrizcunha@live.com,São José dos Campos
Manuela Machado,20,manuelamachado@icloud.com,Indaiatuba
Vitória Figueiredo,38,vitóriafigueiredo@fatec.sp.gov.br,Itapecerica da Serra
Caio Lima,27,caiolima@hotmail.com,Mauá
Bianca Rocha,29,biancarocha@protonmail.com,São José dos Campos
Bianca Gomes,20,biancagomes@protonmail.com,São Carlos
Rafael Martins,32,rafaelmartins@live.com,Rio Claro
Carolina Rocha,34,carolinarocha@yahoo.com,Mauá
Tiago Peixoto,29,tiagopeixoto@ymail.com,São Paulo
Bianca Henriques,26,biancahenriques@hotmail.com,Ribeirão Preto
Rafael Freitas,42,rafaelfreitas@icloud.com,Rio Claro
Miguel Oliveira,33,migueloliveira@mail.com,Campinas
Giovana Barbosa,40,giovanabarbosa@live.com,Itu
Sofia Fernandes,36,sofiafernandes@yahoo.com,Mogi das Cruzes
Luíza Miranda,19,luízamiranda@fastmail.com,Suzano
Beatriz Queiroz,60,beatrizqueiroz@mail.com,Indaiatuba
Marcus Costela,22,marcuscostela@fatec.sp.gov.br,Araraquara
Natália Dias,46,natáliadias@ymail.com,Suzano
Larissa Gomes,53,larissagomes@ymail.com,Sumaré
Beatriz Figueiredo,34,beatrizfigueiredo@fatec.sp.gov.br,Taboão da Serra
Adriana Rodrigues,38,adrianarodrigues@protonmail.com,Guarulhos
Camila Fernandes,30,camilafernandes@fastmail.com,Piracicaba
Caio Cavalcanti,45,caiocavalcanti@fastmail.com,Embu das Artes
Thaís Gonçalves,25,thaísgonçalves@live.com,Osasco
Aline Machado,53,alinemachado@live.com,Itu
André Azevedo,24,andréazevedo@ymail.com,Embu das Artes
Vitória Guerra,60,vitóriaguerra@gmail.com,São Caetano do Sul
David Oliveira,50,davidoliveira@hotmail.com,Hortolândia
Miguel Pimentel,31,miguelpimentel@inbox.com,Araraquara
Helena Neves,48,helenaneves@icloud.com,Presidente Prudente
Juliana Cunha,54,julianacunha@live.com,Sorocaba
Marcelo Lima,27,marcelolima@icloud.com,Franco da Rocha
David Oliveira,27,davidoliveira@fatec.sp.gov.br,Osasco
Larissa Queiroz,60,larissaqueiroz@fastmail.com,Araraquara
Júlia Gonçalves,56,júliagonçalves@icloud.com,Taboão da Serra
Jéssica Nascimento,39,jéssicanascimento@yahoo.com,Carapicuíba
Matheus Henriques,51,matheushenriques@gmail.com,Campinas
Júlia Pereira,35,júliapereira@icloud.com,Ribeirão Pires
Laura Marques,46,lauramarques@hotmail.com,Limeira
Sofia Almeida,50,sofiaalmeida@outlook.com,Itu
