EcoWorks Ltda.,Indaiatuba,enterprise.indaiatuba@ecoworks.com,Z8P6RBO8/LM6T-20
EcoServers Ltda.,Ribeirão Pires,enterprise.ribeiraopires@ecoservers.com,7D1HL729/EB69-07
PharmaTech Ltda.,Itapecerica da Serra,enterprise.itapecericadaserra@pharmatech.com,J6FAHXZT/UTZG-76
EcoTech Ltda.,Bauru,enterprise.bauru@ecotech.com,PLT5P2LE/HE82-53
AgroSolutions Ltda.,Mogi das Cruzes,enterprise.mogidascruzes@agrosolutions.com,B3X384G1/ZCGM-07
FoodTech Ltda.,Mauá,enterprise.maua@foodtech.com,LSE1IHMG/1MCH-99
PharmaSolutions Ltda.,Ribeirão Pires,enterprise.ribeiraopires@pharmasolutions.com,R55PXB8G/GW2J-96
InfoServers Ltda.,Osasco,enterprise.osasco@infoservers.com,7DBLOHB3/USTT-25
PharmaServers Ltda.,Sorocaba,enterprise.sorocaba@pharmaservers.com,2AXXXNKK/YBV3-30
PharmaSmart Ltda.,Limeira,enterprise.limeira@pharmasmart.com,21QFVQC6/LI2J-29
Teste,Cidade,gorsdfjhaiefwui@gmail.com,23424544/6453-45
Teste,Cidade,huierbjldsfdsfjbahdfjsterwhujiwefpui@gmailo.com,2345634w563456/32456-35467
